Category,ID,Sub-topic,DATA 1301,DATA 2301,DATA 3311,DATA 3401,DATA 3402,DATA 3421,DATA 3441,DATA 3442,DATA 3461,DATA 4380,DATA 4381,DATA 4382,ASDS 5301,ASDS 5302,ASDS 5303,ASDS 5304,ASDS 5305,ASDS 5306,ASDS 6301,ASDS 6303,ASDS 6304,ASDS 6305,ASDS 6306,DATA 5301 (PhD),DATA 5302 (PhD),DATA 5303 (PhD),DATA 6301 (PhD),DATA 6302 (PhD),DATA 6313 (PhD),DATA 5390 (PhD)
C1. Data science foundations and scientific reasoning,C1.1,what data science is,E,I,,I,I,D,,,,,,,,E,,,,,,,I,,,,,,,,,
C1. Data science foundations and scientific reasoning,C1.2,what data scientists do,E,,,I,,,,,,,,,,E,,,,,,,,,,,,,,,,
C1. Data science foundations and scientific reasoning,C1.3,data science applications,E,I,,I,I,I,,,,,,,,E,,,,,,D,I,,,,,,,,,
C1. Data science foundations and scientific reasoning,C1.4,data science skills and tools,E,I,,I,I,D,,,,,,,,E,,,,,,,,,,,,,,,,
C1. Data science foundations and scientific reasoning,C1.5,data acquisition and collection,D,I,,I,,I,D,,,I,,,I,D,,,D,D,,I,,,D,,,,,,,
C1. Data science foundations and scientific reasoning,C1.6,the basic workflow for scientific inference,I,,,,,,D,,,,D,,D,,,,,,,,,,,,,,,,,
C1. Data science foundations and scientific reasoning,C1.7,the three pillars of scientific inference,I,,,,,,,,,,D,,,,,,,,,,,,,,,,,,,
C1. Data science foundations and scientific reasoning,C1.8,history of data science and computing,,,,D,,,,,,,,,,I,,,,,,,,,,,,,,,,
C1. Data science foundations and scientific reasoning,C1.9,problem definition and project scoping,D,,,I,,I,,,,,E,,,D,,,D,,,D,I,,E,,,,,,,D
C1. Data science foundations and scientific reasoning,C1.10,research design,D,,,I,,,D,,,I,E,,D,,,,I,,,D,,,D,,,,,,,D
C1. Data science foundations and scientific reasoning,C1.11,literature review and related work,,,,,,,,,,,D,,,,,,I,,,D,,,I,,,,,,,I
C1. Data science foundations and scientific reasoning,C1.12,research questions and hypotheses,D,,,I,,,D,,,I,E,,D,I,,,I,,,D,,,D,,,,,,,D
C1. Data science foundations and scientific reasoning,C1.13,stakeholder identification,,,,,,,,,,,,,,,,,,,,,,,,,,,,,,
C2. Computing environment and developer tools,C2.1,intro to computing,,,,D,D,,,,,,,,,,,,,,,,,,,,,,,,,
C2. Computing environment and developer tools,C2.2,"hardware, software, and operating systems",I,,,D,D,,,,,,,,,I,,,I,,,,,,,,,I,,,,
C2. Computing environment and developer tools,C2.3,storage and filesystems,I,,,D,D,,,,,,,,,I,,,,,,,,,,,,,,,,
C2. Computing environment and developer tools,C2.4,Linux/Unix commands,D,,,D,D,,,,,,,,,,,,,,,,,,,,,,,,,
C2. Computing environment and developer tools,C2.5,shell commands,D,,,D,D,,,,,,,,,,,,,,,,,,,,,,,,,
C2. Computing environment and developer tools,C2.6,version control,D,,,E,D,,,,,,I,,,,,,D,,,,,,,,,D,,,,
C2. Computing environment and developer tools,C2.7,Git,D,,,E,D,,,,,,I,I,,,,,D,,,,,,,,,,,,,
C2. Computing environment and developer tools,C2.8,GitHub,D,,,E,D,,,,,,I,I,,,,,D,,,,,,,,,,,,,
C2. Computing environment and developer tools,C2.9,Jupyter,,,I,E,E,D,,,E,D,,I,,D,,,D,,,,,D,,,,,,,,
C2. Computing environment and developer tools,C2.10,Google Colab,,,I,I,I,,,,I,D,,,,,,,E,,,,,,,,,,,,,
C2. Computing environment and developer tools,C2.11,WSL,,,,D,I,,,,,,,,,,,,,,,,,,,,,,,,,
C2. Computing environment and developer tools,C2.12,repositories and reproducible handoff of code,,,,I,,,,,,,,I,I,I,,,E,,D,,D,,,,,D,,,,
C2. Computing environment and developer tools,C2.13,GPU and parallel computing,,,,,,,,,,,,,,,,,,,,,,,,,,D,,,,
C3. Python programming and software construction,C3.1,variables and types,,,,E,D,,,,,,,,,E,,,,,,,,,,,,,,,,
C3. Python programming and software construction,C3.2,syntax,,,,E,D,,,,,,,,,E,,,,,,,,,,,,,,,,
C3. Python programming and software construction,C3.3,conditional statements,,,,E,E,,,,,,,,,E,,,,,,,,,,,,,,,,
C3. Python programming and software construction,C3.4,loops,,,,E,E,,,,,,,,,E,,,,,,,,,,,,,,,,
C3. Python programming and software construction,C3.5,functions,,,,E,E,D,,,,,,,,E,,,I,,,,,,,,,,,,,
C3. Python programming and software construction,C3.6,modules,,,,D,D,,,,,,,,,D,,,I,,,,,,,,,,,,,
C3. Python programming and software construction,C3.7,I/O,,,,D,D,D,,,,,,,,D,,,I,,,,,,,,,,,,,
C3. Python programming and software construction,C3.8,structured programming,,,,I,D,,,,,,,,,,,,,,,,,,,,,,,,,
C3. Python programming and software construction,C3.9,functional programming,,,,D,E,,,,,,,,,D,,,I,,,,,,,,,,,,,
C3. Python programming and software construction,C3.10,list comprehensions,,,,D,E,,,,,,,,,D,,,,,,,,,,,,,,,,
C3. Python programming and software construction,C3.11,functools,,,,,I,,,,,,,,,,,,,,,,,,,,,,,,,
C3. Python programming and software construction,C3.12,object-oriented programming,,,,E,E,,,,,,,,,,,,D,,,,,,,,,,,,,
C3. Python programming and software construction,C3.13,design patterns,,,,I,D,,,,,,,,,,,,I,,,,,,,,,,,,,
C3. Python programming and software construction,C3.14,UML,,,,,D,,,,,,,,,,,,,,,,,,,,,,,,,
C3. Python programming and software construction,C3.15,scripting vs building software,,,,I,D,,,,,,,,,,,,I,,,,,,,,,,,,,
C3. Python programming and software construction,C3.16,multithreading and multiprocessing,,,,,,,,,,,,,,,,,I,,,,,,,,,D,,,,
C3. Python programming and software construction,C3.17,iterators and generators,,,,I,D,,,,,,,,,,,,D,,,,,,,,,,,,,
C3. Python programming and software construction,C3.18,serialization (JSON/YAML/pickle/npy),,,,,D,,,,,,,,,,,,I,,,,,,,,,,,,,
C4. Core libraries and computational tools,C4.1,NumPy,,,D,E,E,D,,,E,I,,,,E,,,I,,,,D,,,,,,,,,
C4. Core libraries and computational tools,C4.2,arrays and matrices,,,D,E,E,D,,,E,I,,,,E,E,D,,,,,E,,,,,,,,,
C4. Core libraries and computational tools,C4.3,vectorization,,,,D,D,I,,,E,I,,,,D,,,,,,,D,,,,,,,,,
C4. Core libraries and computational tools,C4.4,Pandas,,,,E,D,E,,,,D,,,,E,,,I,,,,,,,,,,,,,
C4. Core libraries and computational tools,C4.5,CSV reading/writing,,,,D,D,D,,,,D,,,,D,,,,,,,,,,,,,,,,
C4. Core libraries and computational tools,C4.6,DataFrames,,,,E,D,E,,,,D,,,,E,,,,,,,,,,,,,,,,
C4. Core libraries and computational tools,C4.7,Matplotlib,,,I,E,E,D,,,D,D,,,,D,,,D,,,,D,,,,,,,,,
C4. Core libraries and computational tools,C4.8,Scikit-learn,,,I,I,,E,,,D,D,,I,,D,,,,,,,D,,,,,,,,,
C4. Core libraries and computational tools,C4.9,TensorFlow,,,,,,,,,E,D,,I,,,,,,,,,,,,,,,,,,
C4. Core libraries and computational tools,C4.10,PyTorch,,,,,,,,,,,,,,,,,E,,,,,,,,,,,,,
C4. Core libraries and computational tools,C4.11,R,,,,,,,,D,,,,,I,,E,,,D,E,D,,D,,,,,,,,
C4. Core libraries and computational tools,C4.12,SAS,,,,,,,E,D,,,,,E,,,E,,,,,,,,,,,,,,
C4. Core libraries and computational tools,C4.13,Stan (Bayesian modeling),,,,,,,,,,,,,,,,,,,,,,D,,,,,,,,
C5. Mathematical and statistical foundations,C5.1,types of data,E,D,,D,,,E,,,,,,D,E,,I,,,,,,,,,,,,,,
C5. Mathematical and statistical foundations,C5.2,variable types,D,D,,I,,,E,,,,,,D,E,,I,,,,,,,,,,,,,,
C5. Mathematical and statistical foundations,C5.3,probability distributions,,,E,D,D,D,E,I,I,,,,D,,D,D,D,,,I,I,D,,,E,,,,,
C5. Mathematical and statistical foundations,C5.4,random numbers,,,,D,D,I,D,,I,,,,I,D,,I,D,,,,I,D,,,,,,,,
C5. Mathematical and statistical foundations,C5.5,histograms,D,D,,D,D,D,E,,,D,,,D,D,,,,,,E,,,,,,,,,,
C5. Mathematical and statistical foundations,C5.6,central limit theorem,D,,D,D,,D,E,I,,,,,D,,I,I,,,,,,I,,,D,,,,,
C5. Mathematical and statistical foundations,C5.7,variability,E,D,D,D,D,D,E,I,,I,,,E,D,I,D,,,,E,I,,,,,,,,,
C5. Mathematical and statistical foundations,C5.8,variance,E,D,D,D,D,D,E,I,,I,,,E,D,I,D,,,,E,,,,,,,,,,
C5. Mathematical and statistical foundations,C5.9,standard deviation,E,D,D,D,D,D,E,I,,,,,E,D,I,I,,,,E,,,,,,,,,,
C5. Mathematical and statistical foundations,C5.10,empirical rule,E,,,,,,E,I,,,,,D,,I,,,,,,,,,,,,,,,
C5. Mathematical and statistical foundations,C5.11,descriptive statistics,E,D,D,D,D,D,E,I,,D,,,E,E,I,D,,I,D,E,,,,,,,,,,
C5. Mathematical and statistical foundations,C5.12,hypothesis testing,D,,,,,D,E,E,,,,,E,,I,D,,I,D,D,,I,,,D,,,,,
C5. Mathematical and statistical foundations,C5.13,null vs alternative hypothesis,D,,,,,D,E,E,,,,,E,,I,D,,,D,I,,I,,,,,,,,
C5. Mathematical and statistical foundations,C5.14,p-values,D,,,,,D,E,E,,,,,E,,I,D,,,D,I,,I,,,,,,,,
C5. Mathematical and statistical foundations,C5.15,t-test,D,,,,,,E,E,,,,,E,,I,D,,,D,I,,,,,,,,,,
C5. Mathematical and statistical foundations,C5.16,Monte Carlo methods,,,,D,D,I,D,I,,,,,I,,I,,,,,,,D,,,,D,,,,
C5. Mathematical and statistical foundations,C5.17,linear algebra,,,E,D,D,,,I,D,I,,,,D,E,E,D,,,,E,,,E,,,,,,
C5. Mathematical and statistical foundations,C5.18,correlation,D,D,,I,D,D,D,D,,I,,I,D,D,I,D,,,D,E,,,,,,,,,,
C5. Mathematical and statistical foundations,C5.19,ANOVA,,,,,,,,E,,,,,E,,,D,,,D,,,,,,,,,,,
C5. Mathematical and statistical foundations,C5.20,confidence intervals,,,,,,D,E,E,,,,,E,,,E,,,,I,,I,,,,,,,,
C5. Mathematical and statistical foundations,C5.21,sampling distributions & inference theory,D,,D,I,,D,E,,,,,,E,,,D,,,,,,,,,D,,,,,
C5. Mathematical and statistical foundations,C5.22,Bayes' theorem / Bayesian inference,,,D,,D,,D,,,,,,,,I,,I,,,D,,E,,,D,,,,,
C5. Mathematical and statistical foundations,C5.23,"MCMC (Gibbs, Metropolis-Hastings)",,,,,,,,,,,,,,,I,,,,,,,D,,,,,,,,
C5. Mathematical and statistical foundations,C5.24,multivariate analysis / MANOVA / Hotelling's T-squared,,,,,,,,,,,,,,,,E,,,,,,,,,I,,,,,
"C6. Data understanding, wrangling, and preprocessing",C6.1,data understanding,E,D,,D,D,E,D,,,D,,,D,E,D,I,,,,E,D,,,,,,,,,
"C6. Data understanding, wrangling, and preprocessing",C6.2,data exploration,E,D,,D,D,E,D,I,I,E,,I,D,E,D,D,I,D,D,E,D,,D,,,,,D,,
"C6. Data understanding, wrangling, and preprocessing",C6.3,data analysis,D,D,,D,D,D,D,,,D,,,E,E,,D,,,,D,,,,,,,,,,
"C6. Data understanding, wrangling, and preprocessing",C6.4,data entry,,,,,,,,,,,,,,,,,,,,,,,,,,,,,,
"C6. Data understanding, wrangling, and preprocessing",C6.5,data formatting,E,D,,D,,E,,,,D,,,I,E,,I,D,,I,,,,,,,,,,,
"C6. Data understanding, wrangling, and preprocessing",C6.6,cleaning and preprocessing,E,D,,D,,E,,,,D,I,,,E,,I,D,D,I,E,I,,D,,,,,,,
"C6. Data understanding, wrangling, and preprocessing",C6.7,missing data and imputation,D,D,,D,,E,,,,E,I,,,E,,I,,,,E,,I,I,,,,,,,
"C6. Data understanding, wrangling, and preprocessing",C6.8,outlier detection,E,D,,D,,D,,,,D,,,D,D,,D,,,,E,,,,,,,,,,
"C6. Data understanding, wrangling, and preprocessing",C6.9,feature engineering,D,D,,D,D,E,,,D,E,,I,,D,,,,I,,D,,,,,,,,,,
"C6. Data understanding, wrangling, and preprocessing",C6.10,feature selection,I,,,I,D,D,,,D,E,,I,,I,,,,,D,D,I,,,,,,,,,
"C6. Data understanding, wrangling, and preprocessing",C6.11,encoding,D,,,I,,E,,,D,D,,,,D,,,D,,,I,,,,,,,,,,
"C6. Data understanding, wrangling, and preprocessing",C6.12,one-hot encoding,D,,,,,E,,,D,D,,,,D,,,D,,,,,,,,,,,,,
"C6. Data understanding, wrangling, and preprocessing",C6.13,dimensionality reduction,I,,E,I,,I,,,,E,,,,I,E,E,,,,I,E,,,E,,,,,,
"C6. Data understanding, wrangling, and preprocessing",C6.14,data representation,,,,,,,,,,,,,,,,,,,,,,,,,,,,,,
"C6. Data understanding, wrangling, and preprocessing",C6.15,data integrity,,,,,,,,,,I,,,,I,,,,,I,,,,,,,,,,,
"C6. Data understanding, wrangling, and preprocessing",C6.16,data leakage,,,,,,,,,,D,,I,,,,,,,,I,,,,,,,,,,
"C6. Data understanding, wrangling, and preprocessing",C6.17,data drift,,,,,,,,,,,,,,,,,,,,,,,,,,,,,,
"C6. Data understanding, wrangling, and preprocessing",C6.18,imbalance handling,,,,,,D,,,,E,,I,,I,,,I,,,I,,,,,,,,,,
"C6. Data understanding, wrangling, and preprocessing",C6.19,bias mitigation,,,,,,,,,,,,,,,,,,,,,,,,,,,,,,
"C6. Data understanding, wrangling, and preprocessing",C6.20,raw-to-clean-to-analyzed data pipeline,D,,,D,,D,,,,,,,,D,,,,,,D,,,,,,,,,,
"C6. Data understanding, wrangling, and preprocessing",C6.21,scaling / normalization,I,,I,,,E,,,D,D,,,,D,D,I,D,,,E,D,,,,,,,,,
C7. Databases and SQL,C7.1,databases,,,,,,D,,,,,D,,,D,,,,,,,,,D,,,,,,,
C7. Databases and SQL,C7.2,basic SQL syntax,,,,,,D,,,,,E,,,D,,,,,,,,,D,,,,,,,
C7. Databases and SQL,C7.3,creating tables,,,,,,,,,,,,,,D,,,,,,,,,,,,,,,,
C7. Databases and SQL,C7.4,data manipulation queries,,,,,,D,,,,,E,,,I,,,,,,,,,,,,,,,,
C7. Databases and SQL,C7.5,joins,,I,,,,D,,,,,E,,,D,,,,,,,,,I,,,,,,,
C7. Databases and SQL,C7.6,grouping,,,,,,,,,,,E,,,D,,,,,,,,,,,,,,,,
C7. Databases and SQL,C7.7,filtering,,,,,,D,,,,,E,,,D,,,,,,,,,,,,,,,,
C7. Databases and SQL,C7.8,aggregation,,,,,,D,,,,,E,,,D,,,,,,,,,,,,,,,,
C7. Databases and SQL,C7.9,subqueries,,,,,,,,,,,E,,,I,,,,,,,,,,,,,,,,
C7. Databases and SQL,C7.10,set operations,,I,,,,,,,,,,,,,,,,,,,,,,,,,,,,
C7. Databases and SQL,C7.11,SQL for data cleaning and preprocessing,,,,,,,,,,,D,,,,,,,,,,,,,,,,,,,
C7. Databases and SQL,C7.12,advanced SQL for data analysis,,,,,,,,,,,E,,,I,,,,,,,,,,,,,,,,
C7. Databases and SQL,C7.13,Python-SQL integration,,,,,,,,,,,,,,,,,,,,,,,D,,,,,,,
"C8. Visualization, dashboards, and storytelling",C8.1,data visualization basics,E,E,,D,D,D,D,,,,,,D,D,,I,D,,D,D,D,,,,,,,,,
"C8. Visualization, dashboards, and storytelling",C8.2,choosing graphs and tables,E,E,,D,D,,D,,,,,,D,D,I,I,D,,,D,D,,,,,,,,,
"C8. Visualization, dashboards, and storytelling",C8.3,plot/chart types,E,E,,D,D,D,D,I,,,,,D,D,I,I,D,I,,E,D,,D,,,,,,,
"C8. Visualization, dashboards, and storytelling",C8.4,color use in visualization,D,E,,D,,,,,,,,,,,I,,,,,,,,,,,,,,,
"C8. Visualization, dashboards, and storytelling",C8.5,Matplotlib plotting,,,I,E,E,D,,,D,,,,,D,,,D,,,,D,,,,,,,,,
"C8. Visualization, dashboards, and storytelling",C8.6,Excel-based analysis and charts,E,E,,,,D,,,,,,,,,,,,,,,,,,,,,,,,
"C8. Visualization, dashboards, and storytelling",C8.7,Tableau interface,,E,,,,,,,,,,,,,,,,,,,,,,,,,,,,
"C8. Visualization, dashboards, and storytelling",C8.8,dimensions and measures,,E,,,,,,,,,,,,,,,,,,,,,,,,,,,,
"C8. Visualization, dashboards, and storytelling",C8.9,filters,,D,,,,,,,,,,,,,,,,,,,,,,,,,,,,
"C8. Visualization, dashboards, and storytelling",C8.10,parameters,,D,,,,,,,,,,,,,,,,,,,,,,,,,,,,
"C8. Visualization, dashboards, and storytelling",C8.11,calculated fields,,D,,,,,,,,,,,,,,,,,,,,,,,,,,,,
"C8. Visualization, dashboards, and storytelling",C8.12,dashboards,,E,,,,,,,,,,,,,,,,,,,,,D,,,,,,,
"C8. Visualization, dashboards, and storytelling",C8.13,interactive visualizations,,E,,,,,,,,,,,,,,,,,,,,,D,,,,,,,
"C8. Visualization, dashboards, and storytelling",C8.14,StoryPoints,,D,,,,,,,,,,,,,,,,,,,,,,,,,,,,
"C8. Visualization, dashboards, and storytelling",C8.15,Power BI basics,,I,,,,,,,,,,,,,,,,,,,,,,,,,,,,
"C8. Visualization, dashboards, and storytelling",C8.16,KPI tracking,,I,,,,,,,,,,,,,,,,,,,,,,,,,,,,
"C8. Visualization, dashboards, and storytelling",C8.17,audience-centered communication,D,E,,I,,,,,,,,E,,I,I,,I,I,,D,,,D,,,,,D,,
"C8. Visualization, dashboards, and storytelling",C8.18,exploratory vs explanatory design,D,D,,,,,,,,,,,,,I,,,,,,,,,,,,,,,
"C8. Visualization, dashboards, and storytelling",C8.19,avoiding misleading visuals,D,D,,,,,,,,,,,,,,,,,,,,,,,,,,,,
"C8. Visualization, dashboards, and storytelling",C8.20,poster design,,,,,,,,,,,,,,,,,,,,,,,,,,,,,,
"C8. Visualization, dashboards, and storytelling",C8.21,data storytelling,D,E,,I,,,,,,,,,,I,I,,,,I,D,,,D,,,,,,,
C9. Machine learning foundations and classical supervised learning,C9.1,what machine learning is,D,,,I,,E,,,E,D,,,,D,,,D,I,,D,D,,,I,,,D,D,,
C9. Machine learning foundations and classical supervised learning,C9.2,machine learning concepts,D,,,,,E,,,E,D,,,,D,,,D,,,D,D,,,,,,E,,,
C9. Machine learning foundations and classical supervised learning,C9.3,machine learning pipelines,D,,,I,,E,,,E,D,,,,D,,,D,,,D,,,D,,,,,D,,
C9. Machine learning foundations and classical supervised learning,C9.4,supervised vs unsupervised learning,D,,,I,,D,,,E,,,,,D,I,,D,,,D,D,,,,,,D,D,,
C9. Machine learning foundations and classical supervised learning,C9.5,prediction,D,,,,,D,,,D,,,,D,D,,,D,,,D,,,,,,,,,,
C9. Machine learning foundations and classical supervised learning,C9.6,regression,D,,,,,E,D,E,E,,,,D,D,,,D,,E,D,D,,,,,,D,D,,
C9. Machine learning foundations and classical supervised learning,C9.7,linear regression,D,,,,,E,D,E,E,,,I,D,D,,,D,I,E,D,D,,,I,,,D,D,,
C9. Machine learning foundations and classical supervised learning,C9.8,multiple linear regression,I,,,,,D,,D,D,I,,,D,D,,,I,,E,D,I,,,,,,,,,
C9. Machine learning foundations and classical supervised learning,C9.9,polynomial regression,I,,,,,D,,,D,I,,,,I,,,,,E,,I,,,,,,,,,
C9. Machine learning foundations and classical supervised learning,C9.10,classification,D,,,I,,E,,,E,,,,,D,E,,E,,D,E,D,,,,,,D,D,,
C9. Machine learning foundations and classical supervised learning,C9.11,logistic regression,I,,,,,D,,D,E,,,I,,I,D,,I,,D,,D,I,,,,,D,D,,
C9. Machine learning foundations and classical supervised learning,C9.12,sigmoid function,,,,,,D,,,E,,,,,,I,,D,,I,,,,,,,,,,,
C9. Machine learning foundations and classical supervised learning,C9.13,decision boundary,,,,,,I,,,E,,,,,,D,,,,,,I,,,,,,,,,
C9. Machine learning foundations and classical supervised learning,C9.14,cost functions,,,,,,D,,,E,D,,,,,,,E,,,I,E,,,,,,,,,
C9. Machine learning foundations and classical supervised learning,C9.15,learning rate,,,,,,D,,,E,D,,,,,,,E,,,D,E,,,,,,,,,
C9. Machine learning foundations and classical supervised learning,C9.16,gradient descent,,,,,,D,,,E,D,,,,,,,E,,,D,E,,,,,,D,,D,
C9. Machine learning foundations and classical supervised learning,C9.17,K-nearest neighbors,D,,,I,,D,,,,,,,,D,,,,,,D,,,,,,,,,,
C9. Machine learning foundations and classical supervised learning,C9.18,SVM,I,,,I,,,,,,,,,,I,,,,,,,D,,,,,,D,D,,
C9. Machine learning foundations and classical supervised learning,C9.19,baseline models,,,,,,,,,,,,,,,,,,,,,,,,,,,,,,
C9. Machine learning foundations and classical supervised learning,C9.20,demand prediction,,,,,,,,,,,,,,,,,,,,,,,,,,,,,,
C9. Machine learning foundations and classical supervised learning,C9.25,kernel methods and the kernel trick,,,,,,,,,,,,,,,,,,,,,D,,,D,,,,,,
C9. Machine learning foundations and classical supervised learning,C9.21,decision trees,I,,,,,E,,,D,,,I,,I,,,,,,E,,,,,,,D,D,,
C9. Machine learning foundations and classical supervised learning,C9.22,"ensembles (bagging, random forest, boosting)",,,,,,D,,,D,D,,I,,I,,,I,,,,,,,,,,D,D,,
C9. Machine learning foundations and classical supervised learning,C9.23,discriminant analysis (LDA/QDA),,,,,D,,,,,,,,,,E,,,,,,,,,,,,,,,
C9. Machine learning foundations and classical supervised learning,C9.24,regression diagnostics / transformations / WLS,,,,,,,I,D,,,,,D,I,,,,,E,,,,,,,,,,,
"C10. Model evaluation, validation, and optimization",C10.1,metrics,D,,,I,I,E,,,D,E,,I,,D,D,,D,,I,D,I,,D,,,,,D,D,
"C10. Model evaluation, validation, and optimization",C10.2,model evaluation,D,,,I,,E,,,E,D,,,,D,D,,E,,,D,I,,D,,,,,E,D,
"C10. Model evaluation, validation, and optimization",C10.3,training/validation/test sets,D,,,I,,D,,,D,E,,I,,D,D,,D,,D,D,,,,,,,,,,
"C10. Model evaluation, validation, and optimization",C10.4,cross-validation,,,,,,D,,,D,D,,,,,I,,I,,D,D,,,,,,,,,,
"C10. Model evaluation, validation, and optimization",C10.5,overfitting and underfitting,,,,I,,E,,,E,E,,,,D,,,E,I,I,D,I,,,,,,,,,
"C10. Model evaluation, validation, and optimization",C10.6,regularization,,,,,,,,,D,I,,,,,,,E,,D,,E,I,,,,,D,D,D,
"C10. Model evaluation, validation, and optimization",C10.7,feature scaling,,,I,,,E,,,D,D,,,,D,D,I,D,,,,,,,,,,,,,
"C10. Model evaluation, validation, and optimization",C10.8,convergence,,,,,,I,,,D,,,,,,,,D,,,,E,,,,,,,,,
"C10. Model evaluation, validation, and optimization",C10.9,choosing learning rates,,,,,,I,,,D,,,,,,,,D,,,,D,,,,,,,,,
"C10. Model evaluation, validation, and optimization",C10.10,bias and variance,,,,,,E,,,E,E,,,,,,,E,,I,D,,,,,,,,,,
"C10. Model evaluation, validation, and optimization",C10.11,learning curves,,,,,,,,,D,D,,,,,,,D,,,,,,,,,,,,,
"C10. Model evaluation, validation, and optimization",C10.12,model selection,,,,,,D,,,D,D,,,,I,,,D,,E,I,I,,,,,,E,E,,
"C10. Model evaluation, validation, and optimization",C10.13,error analysis,,,,,,,,,D,D,,,,,,,D,,,,I,,,,,,,,,
"C10. Model evaluation, validation, and optimization",C10.14,comparing to human-level performance,,,,,,,,,I,D,,,,,,,,,,,,,,,,,,,,
"C10. Model evaluation, validation, and optimization",C10.15,performance tuning,,,,,,E,,,D,D,,,,I,,,E,,,,I,,,,,,,E,,
"C10. Model evaluation, validation, and optimization",C10.16,precision/recall tradeoffs,D,,,,,I,,,D,D,,I,,,D,,,,,,,,,,,,,,,
"C10. Model evaluation, validation, and optimization",C10.17,skewed-dataset metrics,D,,,,,,,,D,D,,,,,,,,,,,,,,,,,,,,
"C10. Model evaluation, validation, and optimization",C10.18,ROC / AUC / confusion matrix,D,,,,D,I,,,,D,,,,,D,,,,,,,,,,,,,,,
"C11. Unsupervised learning, anomaly detection, recommenders, and reinforcement learning",C11.1,clustering,D,,,,,E,,,D,,,,,D,,I,,,,D,I,,,,,,D,D,,
"C11. Unsupervised learning, anomaly detection, recommenders, and reinforcement learning",C11.2,K-means,D,,,,,E,,,D,,,,,D,,I,,,,D,I,,,,,,,,,
"C11. Unsupervised learning, anomaly detection, recommenders, and reinforcement learning",C11.3,anomaly detection,I,,,,,,,,D,,,,,,,,,,,,,,,,,,,,,
"C11. Unsupervised learning, anomaly detection, recommenders, and reinforcement learning",C11.4,Gaussian model for anomaly detection,,,,,,,,,D,,,,,,,,,,,,,,,,,,,,,
"C11. Unsupervised learning, anomaly detection, recommenders, and reinforcement learning",C11.5,anomaly detection evaluation,,,,,,,,,D,,,,,,,,,,,,,,,,,,,,,
"C11. Unsupervised learning, anomaly detection, recommenders, and reinforcement learning",C11.6,choosing anomaly features,,,,,,,,,D,,,,,,,,,,,,,,,,,,,,,
"C11. Unsupervised learning, anomaly detection, recommenders, and reinforcement learning",C11.7,recommender systems,,,,,,I,,,E,,,,,,,,,,,,,,,,,,D,D,,
"C11. Unsupervised learning, anomaly detection, recommenders, and reinforcement learning",C11.8,per-item features,,,,,,,,,D,,,,,,,,,,,,,,,,,,,,,
"C11. Unsupervised learning, anomaly detection, recommenders, and reinforcement learning",C11.9,collaborative filtering,,,,,,,,,E,,,,,,,,,,,,,,,,,,,,,
"C11. Unsupervised learning, anomaly detection, recommenders, and reinforcement learning",C11.10,content-based filtering,,,,,,,,,E,,,,,,,,,,,,,,,,,,,,,
"C11. Unsupervised learning, anomaly detection, recommenders, and reinforcement learning",C11.11,mean normalization,,,,,,,,,D,,,,,,,,,,,,,,,,,,,,,
"C11. Unsupervised learning, anomaly detection, recommenders, and reinforcement learning",C11.12,related items,,,,,,,,,I,,,,,,,,,,,,,,,,,,,,,
"C11. Unsupervised learning, anomaly detection, recommenders, and reinforcement learning",C11.13,policies,,,,,,,,,D,,,,,,,,,,,,,,,,,,,,,
"C11. Unsupervised learning, anomaly detection, recommenders, and reinforcement learning",C11.14,state-action value function,,,,,,,,,D,,,,,,,,,,,,,,,,,,,,,
"C11. Unsupervised learning, anomaly detection, recommenders, and reinforcement learning",C11.15,Bellman equations,,,,,,,,,D,,,,,,,,,,,,,,,,,,,,,
"C11. Unsupervised learning, anomaly detection, recommenders, and reinforcement learning",C11.16,stochastic environments,,,,,,,,,I,,,,,,,,,,,,,,,,,,,,,
"C11. Unsupervised learning, anomaly detection, recommenders, and reinforcement learning",C11.17,epsilon-greedy policy,,,,,,,,,D,,,,,,,,,,,,,,,,,,,,,
"C11. Unsupervised learning, anomaly detection, recommenders, and reinforcement learning",C11.18,mini-batch and soft updates,,,,,,,,,D,,,,,,,,,,,,,,,,,,,,,
"C11. Unsupervised learning, anomaly detection, recommenders, and reinforcement learning",C11.19,hierarchical / DBSCAN clustering,,,,,,D,,,,,,,,I,,,,,,I,,,,,,,,,,
C12. Deep learning and representation learning,C12.1,perceptron,,,,I,,,,,,E,,,,,,,D,,,D,,,,,,,,,,
C12. Deep learning and representation learning,C12.2,neurons,,,,,,D,,,E,E,,,,,,,E,,,D,,,,,,,,,,
C12. Deep learning and representation learning,C12.3,neural networks,,,,I,,D,,,E,E,,,,I,,,E,,,D,I,,,,,,D,D,E,
C12. Deep learning and representation learning,C12.4,forward propagation,,,,,,,,,E,E,,,,,,,E,,,D,,,,,,,,,,
C12. Deep learning and representation learning,C12.5,backpropagation,,,,,,D,,,D,E,,,,,,,E,,,D,,,,,,,,,D,
C12. Deep learning and representation learning,C12.6,activation functions,,,,I,,D,,,D,E,,,,,,,E,,,D,I,,,,,,,,I,
C12. Deep learning and representation learning,C12.7,multiclass classification,,,,I,,,,,D,E,,,,,,,E,,,,,,,,,,,,,
C12. Deep learning and representation learning,C12.8,softmax,,,,I,,,,,D,E,,,,,,,E,,,,,,,,,,,,,
C12. Deep learning and representation learning,C12.9,deep learning frameworks,,,,,,,,,E,D,,I,,,,,E,,,,,,,,,,,,E,
C12. Deep learning and representation learning,C12.10,additional layer types,,,,,,,,,D,D,,I,,,,,E,,,,,,,,,,,,,
C12. Deep learning and representation learning,C12.11,transfer learning,,,,,,,,,D,D,,,,,,,D,,,,,,,,,,,,D,
C12. Deep learning and representation learning,C12.12,recurrent neural networks,,,,,,,,,I,,,,,,,,,,,,,,,,,,,,D,
C12. Deep learning and representation learning,C12.13,natural language processing,,,,,,,,,I,,,,,,,,D,,,,,,,,,,,,D,
C12. Deep learning and representation learning,C12.14,embeddings,,,,,,,,,I,,,,,,,,D,,,,,,,,,,,,,
C12. Deep learning and representation learning,C12.15,transformer models,,,,,,,,,I,I,,,,,,,D,,,,,,,,,,,,D,
C12. Deep learning and representation learning,C12.16,generative models,,,,,,,,,I,I,,,,,,,I,,,,,,,,,,,,D,
C13. Computer vision and image analysis,C13.1,image analysis,,,,,,,,,E,D,,,,,,,E,,,,,,,,,,,,,
C13. Computer vision and image analysis,C13.2,computer vision basics,,,,,,,,,E,D,,,,,,,E,,,,,,,,,,,,,
C13. Computer vision and image analysis,C13.3,image preprocessing,,,,,,,,,D,D,,I,,,,,D,,,,,,,,,,,,,
C13. Computer vision and image analysis,C13.4,resizing,,,,,,,,,,D,,,,,,,D,,,,,,,,,,,,,
C13. Computer vision and image analysis,C13.5,normalization,,,,,,,,,,D,,,,,,,D,,,,,,,,,,,,,
C13. Computer vision and image analysis,C13.6,data augmentation,,,,,,,,,D,D,,I,,,,,D,,,,,,,,,,,,,
C13. Computer vision and image analysis,C13.7,image quality issues,,,,,,,,,,,,,,,,,I,,,,,,,,,,,,,
C13. Computer vision and image analysis,C13.8,edge detection,,,,,,,,,,,,,,,,,,,,,,,,,,,,,,
C13. Computer vision and image analysis,C13.9,filters,,,,,,,,,,,,,,,,,,,,,,,,,,,,,,
C13. Computer vision and image analysis,C13.10,convolution,,,,,,,,,E,E,,I,,,,,E,,,,,,,,,,,,,
C13. Computer vision and image analysis,C13.11,pooling,,,,,,,,,E,E,,I,,,,,D,,,,,,,,,,,,,
C13. Computer vision and image analysis,C13.12,CNN architectures,,,,,,,,,E,E,,I,,,,,E,,,,,,,,,,D,D,,
C13. Computer vision and image analysis,C13.13,dropout,,,,,,,,,,I,,I,,,,,D,,,,,,,,,,,,,
C13. Computer vision and image analysis,C13.14,batch normalization,,,,,,,,,,,,,,,,,I,,,,,,,,,,,,,
C13. Computer vision and image analysis,C13.15,CIFAR-10,,,,,,,,,,E,,,,,,,,,,,,,,,,,,,,
C13. Computer vision and image analysis,C13.16,MNIST,,,,,,,,,E,E,,,,,,,E,,,,,,,,,,,,,
C13. Computer vision and image analysis,C13.17,custom image datasets,,,,,,,,,D,,,,,,,,E,,,,,,,,,,,,,
C13. Computer vision and image analysis,C13.18,"pretrained models such as AlexNet, ResNet, and VGG",,,,,,,,,D,D,,,,,,,D,,,,,,,,,,,,,
C13. Computer vision and image analysis,C13.19,confusion matrix–style evaluation for vision projects,,,,,,,,,,,,,,,,,,,,,,,,,,,,,,
"C14. Responsible AI, ethics, privacy, explainability, and deployment",C14.1,ethics,I,,,,,,,,,,,,,,I,,,I,,,,,,,,,,,,
"C14. Responsible AI, ethics, privacy, explainability, and deployment",C14.2,privacy,I,,,,,,,,,,,,,,I,,,I,,,,,,,,,,,,
"C14. Responsible AI, ethics, privacy, explainability, and deployment",C14.3,data security,I,,,,,,,,,,,,,,I,,,,,,,,,,,,,,,
"C14. Responsible AI, ethics, privacy, explainability, and deployment",C14.4,broader societal implications,I,,,,,,,,,,,,,,I,,,,,,,,,,,,,,,
"C14. Responsible AI, ethics, privacy, explainability, and deployment",C14.5,human and cognitive bias,I,,,,,,,,,,,D,,,,,,,,,,,,,,,,,,
"C14. Responsible AI, ethics, privacy, explainability, and deployment",C14.6,responsible AI,I,,,,,,,,,,,D,,,,,,,,,,,,,,,,,,
"C14. Responsible AI, ethics, privacy, explainability, and deployment",C14.7,legal implications of data science solutions,,,,,,,,,,,,,,,,,,,,,,,,,,,,,,
"C14. Responsible AI, ethics, privacy, explainability, and deployment",C14.8,black-box model challenges,,,,,,,,,,,,E,,,,,,,,,,,,,,,,,,
"C14. Responsible AI, ethics, privacy, explainability, and deployment",C14.9,transparency and trust,,,,,,,,,,,,E,,,,,,,,,,,,,,,,,,
"C14. Responsible AI, ethics, privacy, explainability, and deployment",C14.10,global vs local explainability,,,,,,,,,,,,E,,,,,,,,,,,,,,,,,,
"C14. Responsible AI, ethics, privacy, explainability, and deployment",C14.11,explainable/interpretable AI,,,,,,,,,,,,E,,,,,,,,,,,,,,,,,,
"C14. Responsible AI, ethics, privacy, explainability, and deployment",C14.12,SHAP,,,,,,,,,,,,E,,,,,,,,,,,,,,,,,,
"C14. Responsible AI, ethics, privacy, explainability, and deployment",C14.13,LIME,,,,,,,,,,,,I,,,,,,,,,,,,,,,,,,
"C14. Responsible AI, ethics, privacy, explainability, and deployment",C14.14,Grad-CAM,,,,,,,,,,,,,,,,,,,,,,,,,,,,,,
"C14. Responsible AI, ethics, privacy, explainability, and deployment",C14.15,model deployment concepts,,,,,,,,,,,,E,,,,,I,,,,,,E,,,,,,D,
"C14. Responsible AI, ethics, privacy, explainability, and deployment",C14.16,real-time pipelines,,,,,,,,,,,,,,,,,,,,,,,,,,,,,,
"C14. Responsible AI, ethics, privacy, explainability, and deployment",C14.17,Streamlit,,,,,,,,,,,,E,,,,,,,,,,,E,,,,,,,
"C14. Responsible AI, ethics, privacy, explainability, and deployment",C14.18,Gradio,,,,,,,,,,,,I,,,,,,,,,,,I,,,,,,,
"C14. Responsible AI, ethics, privacy, explainability, and deployment",C14.19,Flask,,,,,,,,,,,,I,,,,,,,,,,,I,,,,,,,
"C14. Responsible AI, ethics, privacy, explainability, and deployment",C14.20,model operationalization and demoing deployed predictions,,,,,,,,,,,,E,,,,,I,,,,,,E,,,,,,,
"C14. Responsible AI, ethics, privacy, explainability, and deployment",C14.21,"causal inference (propensity, IPW, ATE/ATT)",,,,,,,,,,,,,,,I,,,,,,,D,,,,,,,,
"C15. Capstone, research, communication, and career-readiness rows",C15.1,project selection,,,,,,,,,,,D,D,D,D,,,E,I,I,D,D,,E,,,,,,I,D
"C15. Capstone, research, communication, and career-readiness rows",C15.2,team formation,,,,,,,,,,,D,D,D,D,,,D,,I,I,D,,,,,,,,,
"C15. Capstone, research, communication, and career-readiness rows",C15.3,advisor meetings,,,,,,,,,,,D,D,D,,,,,,,,,,D,,,,,,,D
"C15. Capstone, research, communication, and career-readiness rows",C15.4,peer review,,,,,,,,,,,D,E,,I,,,D,,,D,I,,,,,,,,,
"C15. Capstone, research, communication, and career-readiness rows",C15.5,whiteboard project defense,,,,,,,,,,,D,E,,,,,,,,,,,,,,,,,,
"C15. Capstone, research, communication, and career-readiness rows",C15.6,project flowcharts,,,,,,,,,,,,,,,,,,,,,,,D,,,,,,,
"C15. Capstone, research, communication, and career-readiness rows",C15.7,progress reports,,,,,,,,,,,D,D,,,,,D,,I,,,,E,,,,,,,
"C15. Capstone, research, communication, and career-readiness rows",C15.8,progress presentations,D,,,,,,,,,,D,E,,,,,,,,,,,D,,,,,,,
"C15. Capstone, research, communication, and career-readiness rows",C15.9,final reports,D,,,,,,,,,,E,E,D,E,,,D,D,D,E,E,,E,,,,,,,
"C15. Capstone, research, communication, and career-readiness rows",C15.10,reproducibility and documentation,,,,,,,,,,,I,D,I,I,,,E,,D,D,D,,D,,,,,,,
"C15. Capstone, research, communication, and career-readiness rows",C15.11,GitHub repository quality,,,,,,,,,,,I,D,,,,,D,,,,,,,,,,,,,
"C15. Capstone, research, communication, and career-readiness rows",C15.12,oral presentations,D,,,,,,,,,,E,E,D,E,,,I,D,D,E,E,,E,,,,,,,
"C15. Capstone, research, communication, and career-readiness rows",C15.13,posters,D,,,,,,,,,,E,,I,,,,,,,,,,,,,,,,,
"C15. Capstone, research, communication, and career-readiness rows",C15.14,public speaking,,,,,,,,,,,D,I,,D,,,,,,,D,,,,,,,,,
"C15. Capstone, research, communication, and career-readiness rows",C15.15,reflection,,,,,,,,,,,,I,,,,,,,,,,,D,,,,,,,
"C15. Capstone, research, communication, and career-readiness rows",C15.16,teamwork and leadership,D,,,,,,,,,,I,D,,,,,D,,,I,D,,D,,,,,,,
"C15. Capstone, research, communication, and career-readiness rows",C15.17,resume writing,,,,,,,,,,,D,I,,,,,,,,,,,,,,,,,,
"C15. Capstone, research, communication, and career-readiness rows",C15.18,cover letters,,,,,,,,,,,D,I,,,,,,,,,,,,,,,,,,
"C15. Capstone, research, communication, and career-readiness rows",C15.19,LinkedIn optimization,,,,,,,,,,,D,I,,,,,,,,,,,,,,,,,,
"C15. Capstone, research, communication, and career-readiness rows",C15.20,technical interviews,,,,,,,,,,,D,,,,,,,,,,,,,,,,,,,
"C15. Capstone, research, communication, and career-readiness rows",C15.21,behavioral interviews,,,,,,,,,,,D,,,,,,,,,,,,,,,,,,,
"C15. Capstone, research, communication, and career-readiness rows",C15.22,STAR method,,,,,,,,,,,D,,,,,,,,,,,,,,,,,,,
"C15. Capstone, research, communication, and career-readiness rows",C15.23,LeetCode-style practice,,,,,,,,,,,I,,,I,,,,,,,,,,,,,,,,
"C15. Capstone, research, communication, and career-readiness rows",C15.24,SQL interview questions,,,,,,,,,,,I,,,I,,,,,,,,,,,,,,,,
"C15. Capstone, research, communication, and career-readiness rows",C15.25,AI-assisted mock interviews,,,,,,,,,,,I,,,,,,,,,,,,,,,,,,,
"C16. Modern AI, large language models, and agentic systems",C16.1,large language models,,,,,,,,,,,,,,,,,,,,,,,,,,,,,D,
"C16. Modern AI, large language models, and agentic systems",C16.2,prompt engineering,,,,,,,,,,,,,,,,,,,,,,,,,,,,,D,
"C16. Modern AI, large language models, and agentic systems",C16.3,retrieval-augmented generation (RAG),,,,,,,,,,,,,,,,,,,,,,,,,,,,,D,
"C16. Modern AI, large language models, and agentic systems",C16.4,agentic AI systems,,,,,,,,,,,,,,,,,,,,,,,,,,,,,D,
"C16. Modern AI, large language models, and agentic systems",C16.5,graph neural networks,,,,,,,,,,,,,,,,,,,,,,,,D,,,,,D,
