Category,Topic,DATA 1301,DATA 2301,DATA 3311,DATA 3401,DATA 3402,DATA 3421,DATA 3441,DATA 3442,DATA 3461,DATA 4380,DATA 4381,DATA 4382,ASDS 5301,ASDS 5302,ASDS 5303,ASDS 5304,ASDS 5305,ASDS 5306,ASDS 6301,ASDS 6303,ASDS 6304,ASDS 6305,ASDS 6306,DATA 5301 (PhD),DATA 5302 (PhD),DATA 5303 (PhD),DATA 6301 (PhD),DATA 6302 (PhD),DATA 6313 (PhD),DATA 5390 (PhD)
1. Foundations & Scientific Reasoning,What data science is / applications / skills & tools,E,I,,I,I,D,,,,,,,,E,,,,,,D,I,,,,,,,,,
1. Foundations & Scientific Reasoning,Data acquisition & collection,D,I,,I,,I,D,,,I,,,I,D,,,D,D,,I,,,D,,,,,,,
1. Foundations & Scientific Reasoning,Scientific inference workflow / three pillars,I,,,,,,,,,,D,,,,,,,,,,,,,,,,,,,
1. Foundations & Scientific Reasoning,Problem definition & project scoping,D,,,I,,I,,,,,E,,,D,,,D,,,D,I,,E,,,,,,,D
1. Foundations & Scientific Reasoning,Research design / questions / hypotheses,D,,,I,,,D,,,I,E,,D,I,,,I,,,D,,,D,,,,,,,D
1. Foundations & Scientific Reasoning,Literature review & related work,,,,,,,,,,,D,,,,,,I,,,D,,,I,,,,,,,I
1. Foundations & Scientific Reasoning,Stakeholder identification,,,,,,,,,,,,,,,,,,,,,,,,,,,,,,
2. Computing Environment & Developer Tools,Hardware / OS / storage / filesystems,I,,,D,D,,,,,,,,,I,,,I,,,,,,,,,I,,,,
2. Computing Environment & Developer Tools,Linux / Unix shell commands,D,,,D,D,,,,,,,,,,,,,,,,,,,,,,,,,
2. Computing Environment & Developer Tools,Version control: Git / GitHub,D,,,E,D,,,,,,I,I,,,,,D,,,,,,,,,D,,,,
2. Computing Environment & Developer Tools,Jupyter / Google Colab,,,I,E,E,D,,,E,D,,I,,D,,,E,,,,,D,,,,,,,,
2. Computing Environment & Developer Tools,Reproducibility & code handoff,,,,I,,,,,,,,I,I,I,,,D,,D,,D,,,,,D,,,,
2. Computing Environment & Developer Tools,GPU / parallel computing & hardware acceleration,,,,,,,,,,,,,,,,,,,,,,,,,,D,,,,
3. Python Programming & Software Construction,"Variables, types, syntax, operators",,,,E,D,,,,,,,,,E,,,,,,,,,,,,,,,,
3. Python Programming & Software Construction,Conditionals & loops / control flow,,,,E,E,,,,,,,,,E,,,,,,,,,,,,,,,,
3. Python Programming & Software Construction,"Functions (args, recursion, scope)",,,,E,E,,,,,,,,,E,,,,,,,,,,,,,,,,
3. Python Programming & Software Construction,"Higher-order / functional programming (lambda, map/filter/reduce, comprehensions)",,,,D,E,,,,,,,,,D,,,,,,,,,,,,,,,,
3. Python Programming & Software Construction,Iterators & generators,,,,I,D,,,,,,,,,,,,D,,,,,,,,,,,,,
3. Python Programming & Software Construction,Modules & I/O,,,,D,D,,,,,,,,,D,,,I,,,,,,,,,,,,,
3. Python Programming & Software Construction,"Object-oriented programming (classes, inheritance, operator overloading)",,,,E,E,,,,,,,,,,,,D,,,,,,,,,,,,,
3. Python Programming & Software Construction,Design patterns / UML / software vs scripting,,,,I,D,,,,,,,,,,,,I,,,,,,,,,,,,,
3. Python Programming & Software Construction,Serialization (JSON/YAML/pickle/npy),,,,,D,,,,,,,,,,,,I,,,,,,,,,,,,,
3. Python Programming & Software Construction,Multithreading / multiprocessing,,,,,,,,,,,,,,,,,I,,,,,,,,,D,,,,
4. Core Libraries & Computational Tools,"NumPy (arrays, vectorization, matrices)",,,D,E,E,D,,,E,I,,,,E,,,I,,,,D,,,,,,,,,
4. Core Libraries & Computational Tools,"Pandas (DataFrames, CSV, groupby)",,,,E,D,D,,,,D,,,,E,,,I,,,,,,,,,,,,,
4. Core Libraries & Computational Tools,Matplotlib,,,I,E,E,D,,,D,D,,,,D,,,D,,,,D,,,,,,,,,
4. Core Libraries & Computational Tools,Scikit-learn,,,I,I,,D,,,D,D,,,,D,,,,,,,D,,,,,,,,,
4. Core Libraries & Computational Tools,TensorFlow / Keras,,,,,,,,,E,D,,I,,,,,,,,,,,,,,,,,,
4. Core Libraries & Computational Tools,PyTorch,,,,,,,,,,,,,,,,,E,,,,,,,,,,,,,
4. Core Libraries & Computational Tools,R,,,,,,,,D,,,,,I,,E,,,D,E,D,,D,,,,,,,,
4. Core Libraries & Computational Tools,SAS,,,,,,,E,D,,,,,E,,,E,,,,,,,,,,,,,,
4. Core Libraries & Computational Tools,Stan (Bayesian modeling),,,,,,,,,,,,,,,,,,,,,,D,,,,,,,,
5. Mathematical & Statistical Foundations,"Descriptive statistics (variance, std, empirical rule)",E,D,D,D,D,D,E,I,,,,,E,E,I,D,,I,,E,,,,,,,,,,
5. Mathematical & Statistical Foundations,Probability distributions & random variables,I,I,E,D,D,,E,I,I,,,,D,I,D,D,D,,,I,I,D,,,E,,,,,
5. Mathematical & Statistical Foundations,Central Limit Theorem,D,,D,D,,,E,I,,,,,D,,I,I,,,,,,I,,,D,,,,,
5. Mathematical & Statistical Foundations,Histograms & data summaries,D,D,,D,D,D,E,,,D,,,D,D,,,,,,E,,,,,,,,,,
5. Mathematical & Statistical Foundations,"Hypothesis testing (null/alt, p-values, t-test)",D,,,,,,E,E,,,,,E,,I,D,,I,D,D,,I,,,D,,,,,
5. Mathematical & Statistical Foundations,Correlation,D,D,I,I,D,D,D,D,,I,,I,D,D,I,D,,,D,E,,,,,,,,,,
5. Mathematical & Statistical Foundations,Monte Carlo methods,,,,D,D,,D,I,,,,,,,I,,,,,,,D,,,,D,,,,
5. Mathematical & Statistical Foundations,"Linear algebra (vectors, matrices, eigen, SVD)",,,E,D,D,,,I,,I,,,,D,E,E,D,,,,E,,,E,,,,,,
5. Mathematical & Statistical Foundations,Bayes' theorem / Bayesian inference,,,D,,D,,D,,,,,,,,I,,I,,,D,,E,,,D,,,,,
5. Mathematical & Statistical Foundations,Sampling distributions & inference theory,D,,D,I,,D,E,,,,,,E,,,D,,,,,,,,,D,,,,,
5. Mathematical & Statistical Foundations,Confidence intervals,,,,,,D,E,E,,,,,E,,,E,,,,I,,I,,,,,,,,
5. Mathematical & Statistical Foundations,ANOVA,,,,,,,,E,,,,,E,,,D,,,D,,,,,,,,,,,
5. Mathematical & Statistical Foundations,Multivariate analysis / MANOVA / Hotelling's T-squared,,,,,,,,,,,,,,,,E,,,,,,,,,I,,,,,
5. Mathematical & Statistical Foundations,"MCMC (Gibbs, Metropolis-Hastings)",,,,,,,,,,,,,,,I,,,,,,,D,,,,,,,,
"6. Data Understanding, Wrangling & Preprocessing",Data exploration / EDA,E,D,,D,D,E,D,I,I,E,,I,D,E,D,D,I,D,D,E,D,,D,,,,,D,,
"6. Data Understanding, Wrangling & Preprocessing",Cleaning & formatting,E,D,,D,,E,,,,D,I,,,E,,I,D,D,I,E,I,,D,,,,,,,
"6. Data Understanding, Wrangling & Preprocessing",Missing data & imputation,D,D,,D,,E,,,,E,I,,,E,,I,,,,E,,I,I,,,,,,,
"6. Data Understanding, Wrangling & Preprocessing",Outlier detection,E,D,,,,D,,,,D,,,,D,,D,,,,E,,,,,,,,,,
"6. Data Understanding, Wrangling & Preprocessing",Feature engineering & selection,D,D,,D,D,E,,,D,E,,I,,D,,,,I,,D,,,,,,,,,,
"6. Data Understanding, Wrangling & Preprocessing",Encoding / one-hot encoding,D,,,I,,E,,,D,D,,,,D,,,D,,,I,,,,,,,,,,
"6. Data Understanding, Wrangling & Preprocessing",Scaling / normalization,I,,I,,,E,,,D,D,,,,D,D,I,D,,,E,D,,,,,,,,,
"6. Data Understanding, Wrangling & Preprocessing",Dimensionality reduction (PCA),I,,E,I,,I,,,,E,,,,I,E,E,,,,I,E,,,E,,,,,,
"6. Data Understanding, Wrangling & Preprocessing",Data leakage / drift / integrity,,,,,,,,,,D,,,,,,,,,,I,,,,,,,,,,
"6. Data Understanding, Wrangling & Preprocessing",Imbalance handling,,,,,,D,,,,E,,I,,I,,,I,,,I,,,,,,,,,,
7. Databases & SQL,Basic SQL (SELECT/WHERE/filter/aggregate),,,,,,D,,,,,E,,,D,,,,,,,,,D,,,,,,,
7. Databases & SQL,Joins / grouping / set operations,,I,,,,D,,,,,E,,,D,,,,,,,,,I,,,,,,,
7. Databases & SQL,Subqueries / advanced SQL,,,,,,,,,,,E,,,I,,,,,,,,,,,,,,,,
7. Databases & SQL,Python-SQL integration,,,,,,,,,,,,,,,,,,,,,,,D,,,,,,,
"8. Visualization, Dashboards & Storytelling",Plot/chart types & selection,E,E,,D,D,,D,I,,,,,D,D,I,I,D,I,,E,D,,D,,,,,,,
"8. Visualization, Dashboards & Storytelling",Color & design principles,D,E,,D,,,,,,,,,,,I,,,,,,,,,,,,,,,
"8. Visualization, Dashboards & Storytelling",Excel analysis & charts,E,E,,,,D,,,,,,,,,,,,,,,,,,,,,,,,
"8. Visualization, Dashboards & Storytelling",Tableau,,E,,,,,,,,,,,,,,,,,,,,,,,,,,,,
"8. Visualization, Dashboards & Storytelling",Power BI,,I,,,,,,,,,,,,,,,,,,,,,,,,,,,,
"8. Visualization, Dashboards & Storytelling",Dashboards & interactivity,,E,,,,,,,,,,,,,,,,,,,,,D,,,,,,,
"8. Visualization, Dashboards & Storytelling",Data storytelling / audience communication,D,E,,I,,,,,,,,,,I,I,,I,I,I,D,,,D,,,,,D,,
"8. Visualization, Dashboards & Storytelling",Exploratory vs explanatory design,,D,,,,,,,,,,,,,,,,,,,,,,,,,,,,
9. ML Foundations & Classical Supervised Learning,What ML is / ML pipelines,D,,,I,,E,,,E,D,,,,D,,,D,I,,D,D,,D,I,,,D,D,,
9. ML Foundations & Classical Supervised Learning,Supervised vs unsupervised,D,,,I,,D,,,E,,,,,D,I,,D,,,D,D,,,,,,D,D,,
9. ML Foundations & Classical Supervised Learning,Linear regression,D,,,,,E,D,E,E,,,I,D,D,,,D,I,E,D,D,,,I,,,D,D,,
9. ML Foundations & Classical Supervised Learning,Multiple & polynomial regression,I,,,,,D,,D,D,I,,,D,D,,,I,,E,D,I,,,,,,,,,
9. ML Foundations & Classical Supervised Learning,Regression diagnostics / transformations / WLS,,,,,,,I,D,,,,,D,I,,,,,E,,,,,,,,,,,
9. ML Foundations & Classical Supervised Learning,Logistic regression,I,,,,,D,,D,E,,,I,,I,D,,I,,D,,D,I,,,,,D,D,,
9. ML Foundations & Classical Supervised Learning,Gradient descent / cost functions / learning rate,,,,,,D,,,E,D,,,,,,,E,,,D,E,,,,,,D,,D,
9. ML Foundations & Classical Supervised Learning,K-Nearest Neighbors,D,,,I,,D,,,,,,,,D,,,,,,D,,,,,,,,,,
9. ML Foundations & Classical Supervised Learning,Decision trees,I,,,,,E,,,D,,,I,,I,,,,,,E,,,,,,,D,D,,
9. ML Foundations & Classical Supervised Learning,Naive Bayes / SVM,I,,,I,,,,,,,,,,I,,,,,,D,D,,,,,,D,D,,
9. ML Foundations & Classical Supervised Learning,"Kernel methods (kernel trick, kernelized models)",,,,,,,,,,,,,,,,,,,,,D,,,D,,,,,,
9. ML Foundations & Classical Supervised Learning,Discriminant analysis (LDA/QDA),,,,,D,,,,,,,,,,E,,,,,,,,,,,,,,,
9. ML Foundations & Classical Supervised Learning,"Ensembles (bagging, random forest, boosting)",,,,,,D,,,D,D,,I,,I,,,I,,,,,,,,,,D,D,,
9. ML Foundations & Classical Supervised Learning,Regularization (Ridge/Lasso),,,,,,,,,D,I,,,,,,,D,,D,,E,I,,,,,D,D,D,
"10. Model Evaluation, Validation & Optimization",Metrics (accuracy/precision/recall/F1),D,,,I,I,E,,,D,E,,I,,D,,,D,,I,D,I,,D,,,,,D,D,
"10. Model Evaluation, Validation & Optimization",ROC / AUC / confusion matrix,D,,,,D,I,,,,D,,,,,D,,,,,,,,,,,,,,,
"10. Model Evaluation, Validation & Optimization",Train/validation/test split,D,,,I,,D,,,D,E,,I,,D,D,,D,,D,D,,,,,,,,,,
"10. Model Evaluation, Validation & Optimization",Cross-validation,,,,,,D,,,D,D,,,,,I,,I,,D,D,,,,,,,,,,
"10. Model Evaluation, Validation & Optimization",Overfitting / underfitting / bias-variance,,,,I,,E,,,E,E,,,,D,,,E,I,I,D,I,,,,,,,,,
"10. Model Evaluation, Validation & Optimization",Learning curves / error analysis / model selection,,,,,,,,,D,D,,,,,,,D,,E,I,I,,,,,,E,E,,
"10. Model Evaluation, Validation & Optimization",Hyperparameter tuning / grid search,,,,,,E,,,D,D,,,,I,,,E,,,,I,,,,,,,E,,
"11. Unsupervised, Anomaly, Recommenders & RL",Clustering / K-Means,D,,,,,E,,,D,,,,,D,,I,,,,D,I,,,,,,D,D,,
"11. Unsupervised, Anomaly, Recommenders & RL",Hierarchical / DBSCAN clustering,,,,,,D,,,,,,,,I,,,,,,I,,,,,,,,,,
"11. Unsupervised, Anomaly, Recommenders & RL",Anomaly detection (Gaussian),I,,,,,,,,D,,,,,,,,,,,,,,,,,,,,,
"11. Unsupervised, Anomaly, Recommenders & RL",Recommender systems (collaborative/content),,,,,,I,,,E,,,,,,,,,,,,,,,,,,D,D,,
"11. Unsupervised, Anomaly, Recommenders & RL","Reinforcement learning (policies, Bellman, DQN)",I,,,,,,,,D,,,,,,,,,,,,,,,,,,D,D,,
12. Deep Learning & Representation Learning,Perceptron / neural networks / forward & backprop,,,,I,,D,,,E,E,,,,I,,,E,,,D,I,,,,,,D,D,E,
12. Deep Learning & Representation Learning,Activation functions / softmax / multiclass,,,,I,,D,,,D,E,,,,,,,E,,,I,I,,,,,,,,I,
12. Deep Learning & Representation Learning,Deep learning frameworks & layer types,,,,,,,,,E,D,,I,,,,,E,,,,,,,,,,,,E,
12. Deep Learning & Representation Learning,Transfer learning,,,,,,,,,D,D,,,,,,,D,,,,,,,,,,,,D,
12. Deep Learning & Representation Learning,RNNs / NLP / embeddings,,,,,,,,,I,,,,,,,,D,,,,,,,,,,,,D,
12. Deep Learning & Representation Learning,Transformers / generative models,,,,,,,,,I,I,,,,,,,D,,,,,,,,,,,,E,
13. Computer Vision & Image Analysis,Image preprocessing / augmentation,,,,,,,,,D,D,,I,,,,,D,,,,,,,,,,,,,
13. Computer Vision & Image Analysis,Convolution / pooling / CNN architectures,,,,,,,,,E,E,,I,,,,,E,,,,,,,,,,D,D,,
13. Computer Vision & Image Analysis,Pretrained vision models (ResNet/VGG/AlexNet),,,,,,,,,D,D,,,,,,,D,,,,,,,,,,,,,
13. Computer Vision & Image Analysis,Applied vision projects (MNIST/CIFAR/medical),,,,,,,,,E,E,,,,,,,E,,,,,,,,,,,,,
"14. Responsible AI, Ethics, Privacy, XAI & Deployment",Ethics / privacy / data security,I,,,,,,,,,,,,,,I,,,I,,,,,,,,,,,,
"14. Responsible AI, Ethics, Privacy, XAI & Deployment",Bias (human/cognitive) & responsible AI,I,,,,,,,,,,,D,,,,,,,,,,,,,,,,,,
"14. Responsible AI, Ethics, Privacy, XAI & Deployment",Explainable AI (SHAP/LIME/Grad-CAM),,,,,,,,,,,,E,,,,,,,,,,,,,,,,,,
"14. Responsible AI, Ethics, Privacy, XAI & Deployment",Black-box vs white-box / transparency,,,,,,,,,,,,E,,,,,,,,,,,,,,,,,,
"14. Responsible AI, Ethics, Privacy, XAI & Deployment",Model deployment (Streamlit/Gradio/Flask),,,,,,,,,,,,E,,,,,,,,,,,E,,,,,,D,
"14. Responsible AI, Ethics, Privacy, XAI & Deployment","Causal inference (propensity, IPW, ATE/ATT)",,,,,,,,,,,,,,,I,,,,,,,D,,,,,,,,
"15. Capstone, Communication & Career Readiness",Project selection / team formation / advising,,,,,,,,,,,D,D,D,D,,,E,I,I,D,D,,E,,,,,,I,D
"15. Capstone, Communication & Career Readiness",Peer review / project defense / progress reports,,,,,,,,,,,D,E,,I,,,D,,,D,I,,D,,,,,,,
"15. Capstone, Communication & Career Readiness",Final reports / posters / oral presentations,D,,,,,,,,,,E,E,D,E,,,D,D,D,E,E,,E,,,,,,,
"15. Capstone, Communication & Career Readiness",Reproducibility & repo quality,,,,,,,,,,,I,D,,I,,,E,,,D,D,,I,,,,,,,
"15. Capstone, Communication & Career Readiness",Resume / cover letter / LinkedIn,,,,,,,,,,,D,I,,,,,,,,,,,,,,,,,,
"15. Capstone, Communication & Career Readiness","Technical & behavioral interview prep (STAR, LeetCode, SQL)",,,,,,,,,,,D,,,I,,,,,,,,,,,,,,,,
"16. Modern AI, LLMs & Agentic Systems",Large language models (LLMs) & prompt engineering,,,,,,,,,,,,,,,,,,,,,,,,,,,,,D,
"16. Modern AI, LLMs & Agentic Systems",Retrieval-augmented generation (RAG),,,,,,,,,,,,,,,,,,,,,,,,,,,,,D,
"16. Modern AI, LLMs & Agentic Systems",Agentic AI systems,,,,,,,,,,,,,,,,,,,,,,,,,,,,,D,
"16. Modern AI, LLMs & Agentic Systems",Graph neural networks / graph-based learning,,,,,,,,,,,,,,,,,,,,,,,,D,,,,,D,
